"","mi","ni"
"1",7.27487623459052,2.25
"2",7.28233750779886,2.25748345343266
"3",7.2897542894688,2.26496677538587
"4",7.29712644929227,2.27244983438247
"5",7.30445385774516,2.27993249894995
"6",7.31173638608963,2.28741463762271
"7",7.31897390637636,2.29489611894439
"8",7.32616629144677,2.30237681147019
"9",7.33331341493528,2.30985658376916
"10",7.34041515127155,2.31733530442652
"11",7.34747137568265,2.32481284204596
"12",7.35448196419526,2.33228906525197
"13",7.36144679363784,2.33976384269213
"14",7.36836574164285,2.34723704303941
"15",7.37523868664882,2.35470853499449
"16",7.38206550790253,2.36217818728807
"17",7.38884608546114,2.36964586868318
"18",7.39558030019426,2.37711144797747
"19",7.40226803378608,2.38457479400552
"20",7.40890916873743,2.39203577564114
"21",7.41550358836785,2.3994942617997
"22",7.42205117681764,2.4069501214404
"23",7.42855181904988,2.4144032235686
"24",7.43500540085248,2.42185343723808
"25",7.44141180884016,2.42930063155339
"26",7.44777093045647,2.43674467567214
"27",7.45408265397573,2.44418543880725
"28",7.46034686850503,2.45162279022932
"29",7.46656346398616,2.45905659926888
"30",7.47273233119753,2.46648673531868
"31",7.47885336175613,2.47391306783603
"32",7.48492644811939,2.48133546634504
"33",7.4909514835871,2.48875380043897
"34",7.49692836230327,2.49616793978245
"35",7.50285697925799,2.50357775411384
"36",7.50873723028928,2.51098311324747
"37",7.51456901208492,2.51838388707595
"38",7.52035222218425,2.52577994557247
"39",7.52608675898001,2.53317115879302
"40",7.53177252172007,2.54055739687877
"41",7.53740941050926,2.54793853005826
"42",7.54299732631105,2.55531442864975
"43",7.54853617094939,2.56268496306344
"44",7.55402584711032,2.57005000380379
"45",7.55946625834379,2.57740942147179
"46",7.56485730906526,2.58476308676721
"47",7.57019890455746,2.59211087049089
"48",7.57549095097199,2.59945264354699
"49",7.580733355331,2.60678827694531
"50",7.58592602552883,2.61411764180348
"51",7.59106887033362,2.62144060934929
"52",7.59616179938888,2.62875705092292
"53",7.60120472321513,2.6360668379792
"54",7.60619755321146,2.64336984208988
"55",7.61114020165706,2.65066593494589
"56",7.61603258171278,2.65795498835958
"57",7.62087460742265,2.66523687426697
"58",7.62566619371541,2.67251146473002
"59",7.63040725640597,2.67977863193887
"60",7.6350977121969,2.68703824821406
"61",7.63973747867994,2.69429018600882
"62",7.64432647433736,2.70153431791127
"63",7.64886461854347,2.70877051664669
"64",7.653351831566,2.71599865507971
"65",7.65778803456752,2.72321860621662
"66",7.66217314960678,2.73043024320752
"67",7.66650709964015,2.73763343934858
"68",7.67078980852291,2.74482806808431
"69",7.67502120101064,2.7520140030097
"70",7.67920120276048,2.75919111787252
"71",7.68332974033251,2.76635928657547
"72",7.68740674119098,2.77351838317845
"73",7.69143213370561,2.78066828190074
"74",7.69540584715284,2.78780885712324
"75",7.69932781171709,2.79493998339063
"76",7.70319795849198,2.80206153541363
"77",7.70701621948151,2.80917338807115
"78",7.7107825276013,2.81627541641252
"79",7.71449681667975,2.82336749565968
"80",7.71815902145918,2.83044950120937
"81",7.72176907759703,2.83752130863532
"82",7.72532692166692,2.84458279369042
"83",7.72883249115983,2.85163383230892
"84",7.73228572448517,2.85867430060864
"85",7.73568656097184,2.86570407489306
"86",7.73903494086935,2.8727230316536
"87",7.74233080534882,2.8797310475717
"88",7.74557409650402,2.88672799952103
"89",7.74876475735243,2.89371376456966
"90",7.75190273183619,2.9006882199822
"91",7.75498796482311,2.90765124322197
"92",7.75802040210763,2.91460271195311
"93",7.76099999041179,2.92154250404282
"94",7.76392667738613,2.92847049756342
"95",7.76680041161066,2.93538657079452
"96",7.76962114259571,2.94229060222517
"97",7.77238882078286,2.949182470556
"98",7.77510339754579,2.9560620547013
"99",7.77776482519112,2.96292923379123
"100",7.7803730569593,2.96978388717387
"101",7.78292804702537,2.97662589441737
"102",7.78542975049981,2.98345513531208
"103",7.78787812342928,2.99027148987264
"104",7.79027312279747,2.99707483834009
"105",7.79261470652576,3.00386506118397
"106",7.79490283347405,3.01064203910445
"107",7.79713746344142,3.0174056530344
"108",7.79931855716687,3.02415578414147
"109",7.80144607632996,3.0308923138302
"110",7.80351998355158,3.03761512374412
"111",7.8055402423945,3.04432409576779
"112",7.80750681736408,3.05101911202889
"113",7.80941967390887,3.05770005490029
"114",7.8112787784212,3.06436680700213
"115",7.8130840982378,3.07101925120389
"116",7.81483560164038,3.07765727062639
"117",7.81653325785614,3.08428074864391
"118",7.81817703705837,3.09088956888622
"119",7.81976691036691,3.09748361524059
"120",7.82130284984872,3.10406277185389
"121",7.82278482851832,3.11062692313457
"122",7.82421282033832,3.11717595375472
"123",7.82558680021982,3.12370974865209
"124",7.82690674402287,3.13022819303212
"125",7.82817262855691,3.13673117236994
"126",7.82938443158116,3.14321857241239
"127",7.83054213180504,3.14969027918003
"128",7.83164570888848,3.15614617896915
"129",7.83269514344235,3.16258615835374
"130",7.83369041702877,3.16901010418752
"131",7.83463151216141,3.17541790360589
"132",7.83551841230585,3.18180944402796
"133",7.83635110187981,3.18818461315847
"134",7.83712956625349,3.19454329898981
"135",7.83785379174975,3.20088538980396
"136",7.83852376564443,3.20721077417449
"137",7.83913947616652,3.21351934096845
"138",7.83970091249837,3.21981097934839
"139",7.84020806477592,3.22608557877429
"140",7.84066092408883,3.23234302900547
"141",7.84105948248064,3.23858322010257
"142",7.84140373294895,3.24480604242944
"143",7.8416936694455,3.25101138665511
"144",7.84192928687628,3.25719914375568
"145",7.84211058110166,3.26336920501624
"146",7.84223754893641,3.2695214620328
"147",7.84231018814978,3.27565580671416
"148",7.84232849746556,3.28177213128383
"149",7.84229247656205,3.28787032828194
"150",7.84220212607213,3.29395029056709
"151",7.8420574475832,3.30001191131826
"152",7.84185844363715,3.30605508403669
"153",7.84160511773037,3.31207970254772
"154",7.84129747431362,3.31808566100268
"155",7.840935518792,3.32407285388076
"156",7.84051925752484,3.33004117599083
"157",7.84004869782559,3.33599052247332
"158",7.83952384796166,3.34192078880205
"159",7.83894471715433,3.34783187078605
"160",7.83831131557857,3.35372366457143
"161",7.83762365436282,3.35959606664316
"162",7.83688174558885,3.36544897382693
"163",7.83608560229153,3.37128228329092
"164",7.83523523845857,3.37709589254765
"165",7.83433066903032,3.38288969945575
"166",7.83337190989948,3.38866360222176
"167",7.83235897791083,3.39441749940193
"168",7.83129189086094,3.400151289904
"169",7.83017066749784,3.40586487298895
"170",7.82899532752069,3.41155814827283
"171",7.82776589157947,3.41723101572845
"172",7.82648238127457,3.42288337568717
"173",7.82514481915644,3.42851512884069
"174",7.82375322872519,3.43412617624273
"175",7.82230763443016,3.43971641931079
"176",7.82080806166951,3.44528575982791
"177",7.81925453678978,3.45083409994437
"178",7.81764708708539,3.4563613421794
"179",7.81598574079819,3.46186738942292
"180",7.81427052711697,3.46735214493723
"181",7.81250147617694,3.47281551235871
"182",7.81067861905917,3.4782573956995
"183",7.8088019877901,3.48367769934923
"184",7.80687161534091,3.48907632807666
"185",7.80488753562702,3.49445318703135
"186",7.80284978350742,3.49980818174536
"187",7.80075839478412,3.50514121813488
"188",7.79861340620145,3.5104522025019
"189",7.79641485544549,3.51574104153585
"190",7.79416278114335,3.52100764231522
"191",7.79185722286254,3.52625191230925
"192",7.78949822111022,3.53147375937947
"193",7.78708581733254,3.53667309178141
"194",7.78462005391387,3.54184981816615
"195",7.7821009741761,3.54700384758193
"196",7.77952862237782,3.55213508947579
"197",7.77690304371361,3.5572434536951
"198",7.77422428431318,3.5623288504892
"199",7.77149239124062,3.56739119051095
"200",7.76870741249352,3.57243038481828
"201",7.76586939700217,3.57744634487582
"202",7.76297839462867,3.58243898255636
"203",7.76003445616607,3.58740821014248
"204",7.75703763333748,3.59235394032805
"205",7.75398797879513,3.59727608621979
"206",7.7508855461195,3.60217456133876
"207",7.74773038981832,3.6070492796219
"208",7.74452256532567,3.61190015542356
"209",7.74126212900094,3.61672710351698
"210",7.73794913812791,3.62153003909579
"211",7.73458365091369,3.6263088777755
"212",7.73116572648772,3.63106353559499
"213",7.72769542490074,3.63579392901801
"214",7.7241728071237,3.64049997493457
"215",7.72059793504673,3.64518159066248
"216",7.71697087147802,3.64983869394878
"217",7.71329168014276,3.65447120297115
"218",7.70956042568196,3.65907903633941
"219",7.70577717365135,3.66366211309688
"220",7.70194199052025,3.66822035272186
"221",7.69805494367033,3.67275367512902
"222",7.69411610139452,3.6772620006708
"223",7.69012553289573,3.68174525013883
"224",7.68608330828568,3.68620334476531
"225",7.68198949858366,3.69063620622437
"226",7.67784417571526,3.69504375663351
"227",7.67364741251113,3.69942591855491
"228",7.6693992827057,3.70378261499679
"229",7.66509986093588,3.70811376941482
"230",7.66074922273972,3.7124193057134
"231",7.65634744455515,3.71669914824703
"232",7.65189460371857,3.72095322182163
"233",7.64739077846353,3.72518145169588
"234",7.64283604791932,3.72938376358249
"235",7.63823049210964,3.73356008364956
"236",7.63357419195113,3.73771033852184
"237",7.62886722925199,3.74183445528201
"238",7.62410968671051,3.74593236147201
"239",7.61930164791365,3.75000398509427
"240",7.61444319733557,3.75404925461297
"241",7.60953442033609,3.75806809895535
"242",7.60457540315928,3.76206044751289
"243",7.59956623293187,3.76602623014261
"244",7.59450699766175,3.76996537716825
"245",7.58939778623644,3.77387781938155
"246",7.58423868842146,3.77776348804341
"247",7.57902979485887,3.78162231488514
"248",7.57377119706555,3.78545423210963
"249",7.56846298743169,3.78925917239258
"250",7.5631052592191,3.79303706888363
"251",7.55769810655962,3.79678785520758
"252",7.55224162445344,3.80051146546552
"253",7.54673590876743,3.80420783423603
"254",7.54118105623347,3.80787689657628
"255",7.53557716444674,3.81151858802321
"256",7.52992433186401,3.81513284459466
"257",7.5242226578019,3.81871960279045
"258",7.51847224243515,3.82227879959357
"259",7.51267318679486,3.82581037247122
"260",7.5068255927667,3.82931425937593
"261",7.50092956308913,3.83279039874667
"262",7.49498520135158,3.83623872950992
"263",7.48899261199267,3.83965919108072
"264",7.48295190029833,3.84305172336377
"265",7.47686317239997,3.84641626675446
"266",7.47072653527262,3.84975276213992
"267",7.46454209673304,3.8530611509001
"268",7.45830996543783,3.85634137490872
"269",7.45203025088151,3.85959337653437
"270",7.44570306339464,3.86281709864147
"271",7.43932851414181,3.86601248459131
"272",7.43290671511975,3.869179478243
"273",7.42643777915533,3.87231802395452
"274",7.41992181990359,3.87542806658363
"275",7.41335895184573,3.87850955148889
"276",7.40674929028712,3.8815624245306
"277",7.40009295135525,3.88458663207174
"278",7.39339005199771,3.88758212097893
"279",7.38664070998012,3.89054883862338
"280",7.37984504388406,3.89348673288175
"281",7.37300317310503,3.89639575213714
"282",7.36611521785027,3.89927584527996
"283",7.35918129913673,3.90212696170882
"284",7.35220153878888,3.90494905133145
"285",7.34517605943662,3.90774206456554
"286",7.3381049845131,3.91050595233966
"287",7.33098843825254,3.91324066609408
"288",7.32382654568809,3.91594615778164
"289",7.31661943264956,3.9186223798686
"290",7.30936722576131,3.92126928533545
"291",7.30207005243992,3.92388682767778
"292",7.29472804089204,3.92647496090705
"293",7.28734132011208,3.92903363955142
"294",7.27991001987996,3.93156281865657
"295",7.27243427075884,3.93406245378644
"296",7.26491420409281,3.93653250102405
"297",7.2573499520046,3.93897291697228
"298",7.24974164739325,3.94138365875458
"299",7.24208942393176,3.94376468401577
"300",7.23439341606478,3.94611595092277
"301",7.22665375900619,3.94843741816534
"302",7.21887058873679,3.95072904495679
"303",7.21104404200187,3.95299079103472
"304",7.20317425630881,3.95522261666171
"305",7.19526136992467,3.95742448262602
"306",7.18730552187376,3.95959635024227
"307",7.17930685193522,3.96173818135217
"308",7.17126550064053,3.96384993832511
"309",7.16318160927103,3.96593158405888
"310",7.15505531985549,3.96798308198032
"311",7.14688677516759,3.97000439604592
"312",7.13867611872339,3.9719954907425
"313",7.13042349477883,3.97395633108781
"314",7.12212904832719,3.97588688263114
"315",7.11379292509657,3.97778711145395
"316",7.10541527154727,3.97965698417045
"317",7.09699623486927,3.98149646792817
"318",7.08853596297962,3.98330553040857
"319",7.08003460451984,3.98508413982759
"320",7.07149230885332,3.9868322649362
"321",7.06290922606271,3.98854987502098
"322",7.05428550694722,3.99023693990462
"323",7.04562130302005,3.99189342994648
"324",7.03691676650567,3.9935193160431
"325",7.0281720503372,3.9951145696287
"326",7.01938730815365,3.99667916267571
"327",7.01056269429729,3.99821306769523
"328",7.00169836381089,3.99971625773755
"329",6.99279447243504,4.00118870639258
"330",6.98385117660536,4.00263038779034
"331",6.9748686334498,4.00404127660144
"332",6.96584700078585,4.00542134803744
"333",6.9567864371178,4.00677057785141
"334",6.94768710163391,4.00808894233822
"335",6.93854915420363,4.00937641833507
"336",6.92937275537481,4.01063298322184
"337",6.92015806637088,4.01185861492149
"338",6.91090524908798,4.01305329190045
"339",6.90161446609214,4.01421699316904
"340",6.89228588061644,4.01534969828175
"341",6.88291965655812,4.0164513873377
"342",6.8735159584757,4.01752204098092
"343",6.86407495158609,4.01856164040071
"344",6.8545968017617,4.01957016733198
"345",6.84508167552752,4.02054760405557
"346",6.83552974005818,4.02149393339853
"347",6.82594116317504,4.02240913873448
"348",6.81631611334321,4.02329320398384
"349",6.80665475966862,4.02414611361416
"350",6.79695727189503,4.02496785264037
"351",6.78722382040104,4.02575840662503
"352",6.77745457619714,4.02651776167863
"353",6.76764971092264,4.02724590445979
"354",6.75780939684272,4.0279428221755
"355",6.74793380684535,4.02860850258137
"356",6.73802311443828,4.02924293398183
"357",6.72807749374599,4.02984610523033
"358",6.71809711950663,4.03041800572953
"359",6.70808216706895,4.03095862543151
"360",6.69803281238921,4.03146795483794
"361",6.68794923202809,4.03194598500021
"362",6.67783160314761,4.03239270751966
"363",6.66768010350798,4.03280811454765
"364",6.65749491146452,4.03319219878575
"365",6.64727620596448,4.03354495348584
"366",6.63702416654394,4.03386637245026
"367",6.62673897332462,4.03415645003188
"368",6.61642080701074,4.03441518113423
"369",6.60606984888583,4.03464256121156
"370",6.59568628080957,4.03483858626895
"371",6.58527028521455,4.03500325286237
"372",6.5748220451031,4.03513655809874
"373",6.56434174404407,4.03523849963596
"374",6.5538295661696,4.03530907568299
"375",6.54328569617188,4.03534828499986
"376",6.53271031929991,4.03535612689768
"377",6.52210362135624,4.03533260123867
"378",6.51146578869374,4.03527770843617
"379",6.50079700821226,4.0351914494546
"380",6.4900974673554,4.03507382580948
"381",6.4793673541072,4.03492483956739
"382",6.46860685698884,4.03474449334591
"383",6.45781616505533,4.03453279031361
"384",6.44699546789215,4.03428973418998
"385",6.436144955612,4.03401532924536
"386",6.42526481885137,4.03370958030086
"387",6.41435524876728,4.0333724927283
"388",6.40341643703382,4.03300407245009
"389",6.39244857583887,4.03260432593913
"390",6.3814518578807,4.03217326021872
"391",6.37042647636455,4.0317108828624
"392",6.35937262499926,4.03121720199384
"393",6.34829049799389,4.0306922262867
"394",6.33718029005426,4.03013596496447
"395",6.32604219637957,4.02954842780029
"396",6.31487641265896,4.02892962511681
"397",6.30368313506804,4.02827956778601
"398",6.29246256026549,4.02759826722896
"399",6.28121488538959,4.02688573541568
"400",6.26994030805472,4.0261419848649
"401",6.25863902634796,4.02536702864383
"402",6.24731123882553,4.02456088036796
"403",6.23595714450938,4.02372355420078
"404",6.22457694288361,4.02285506485359
"405",6.21317083389104,4.02195542758518
"406",6.20173901792965,4.02102465820159
"407",6.1902816958491,4.02006277305585
"408",6.17879906894713,4.01906978904766
"409",6.16729133896611,4.0180457236231
"410",6.15575870808945,4.01699059477436
"411",6.14420137893802,4.01590442103935
"412",6.13261955456667,4.01478722150145
"413",6.12101343846058,4.01363901578915
"414",6.10938323453174,4.01245982407566
"415",6.09772914711533,4.01124966707864
"416",6.08605138096616,4.01000856605977
"417",6.07435014125506,4.00873654282437
"418",6.06262563356527,4.0074336197211
"419",6.05087806388884,4.00609981964146
"420",6.03910763862299,4.00473516601946
"421",6.02731456456652,4.00333968283118
"422",6.01549904891614,4.00191339459438
"423",6.00366129926284,4.00045632636801
"424",5.99180152358826,3.99896850375182
"425",5.97991993026102,3.9974499528859
"426",5.96801672803305,3.99590070045021
"427",5.95609212603596,3.99432077366412
"428",5.94414633377731,3.99271020028591
"429",5.93217956113697,3.99106900861234
"430",5.92019201836344,3.98939722747807
"431",5.9081839160701,3.98769488625522
"432",5.8961554652316,3.98596201485284
"433",5.88410687718005,3.98419864371636
"434",5.87203836360139,3.98240480382707
"435",5.85995013653161,3.98058052670158
"436",5.8478424083531,3.97872584439128
"437",5.83571539179082,3.97684078948172
"438",5.82356929990864,3.97492539509211
"439",5.81140434610557,3.9729796948747
"440",5.79922074411202,3.97100372301418
"441",5.78701870798602,3.96899751422711
"442",5.77479845210948,3.96696110376129
"443",5.76256019118443,3.96489452739512
"444",5.75030414022922,3.96279782143704
"445",5.73803051457477,3.96067102272481
"446",5.72573952986079,3.95851416862491
"447",5.71343140203193,3.95632729703188
"448",5.7011063473341,3.95411044636765
"449",5.68876458231055,3.95186365558085
"450",5.67640632379815,3.94958696414615
"451",5.66403178892353,3.94728041206355
"452",5.6516411950993,3.94494403985769
"453",5.63923476002021,3.94257788857712
"454",5.62681270165932,3.9401819997936
"455",5.61437523826421,3.93775641560133
"456",5.60192258835309,3.93530117861629
"457",5.589454970711,3.9328163319754
"458",5.57697260438594,3.93030191933581
"459",5.56447570868504,3.92775798487413
"460",5.55196450317072,3.92518457328565
"461",5.5394392076568,3.92258172978357
"462",5.52690004220464,3.91994950009815
"463",5.5143472271193,3.91728793047598
"464",5.50178098294566,3.91459706767912
"465",5.48920153046453,3.91187695898431
"466",5.47660909068879,3.90912765218208
"467",5.46400388485948,3.90634919557601
"468",5.45138613444196,3.90354163798177
"469",5.43875606112196,3.90070502872634
"470",5.42611388680175,3.89783941764713
"471",5.41345983359617,3.89494485509107
"472",5.40079412382879,3.89202139191376
"473",5.38811698002796,3.88906907947857
"474",5.37542862492295,3.88608796965572
"475",5.36272928143996,3.88307811482139
"476",5.35001917269829,3.88003956785679
"477",5.33729852200635,3.87697238214724
"478",5.32456755285778,3.87387661158121
"479",5.31182648892751,3.8707523105494
"480",5.29907555406782,3.86759953394375
"481",5.28631497230441,3.86441833715653
"482",5.2735449678325,3.86120877607932
"483",5.26076576501283,3.85797090710203
"484",5.24797758836776,3.85470478711193
"485",5.23518066257732,3.85141047349265
"486",5.22237521247524,3.84808802412316
"487",5.20956146304503,3.84473749737675
"488",5.19673963941602,3.84135895212002
"489",5.18390996685938,3.83795244771182
"490",5.1710726707842,3.83451804400226
"491",5.15822797673349,3.83105580133158
"492",5.14537611038026,3.82756578052917
"493",5.13251729752351,3.82404804291243
"494",5.11965176408431,3.82050265028576
"495",5.10677973610178,3.81692966493941
"496",5.09390143972916,3.81332914964844
"497",5.08101710122983,3.80970116767158
"498",5.06812694697331,3.80604578275013
"499",5.0552312034313,3.80236305910686
"500",5.04233009717371,3.79865306144485
"501",5.02942385486467,3.79491585494635
"502",5.01651270325853,3.7911515052717
"503",5.00359686919591,3.78736007855807
"504",4.9906765795997,3.7835416414184
"505",4.97775206147105,3.77969626094017
"506",4.96482354188542,3.77582400468424
"507",4.95189124798858,3.77192494068364
"508",4.93895540699259,3.76799913744244
"509",4.92601624617185,3.76404666393444
"510",4.91307399285907,3.76006758960208
"511",4.9001288744413,3.75606198435513
"512",4.88718111835594,3.75202991856948
"513",4.87423095208672,3.74797146308593
"514",4.86127860315971,3.74388668920894
"515",4.84832429913935,3.73977566870535
"516",4.8353682676244,3.73563847380313
"517",4.82241073624399,3.73147517719014
"518",4.8094519326536,3.72728585201282
"519",4.79649208453106,3.72307057187491
"520",4.78353141957255,3.71882941083617
"521",4.7705701654886,3.71456244341106
"522",4.7576085500001,3.71026974456745
"523",4.74464680083428,3.7059513897253
"524",4.73168514572072,3.70160745475531
"525",4.71872381238734,3.69723801597763
"526",4.70576302855643,3.69284315016049
"527",4.69280302194061,3.68842293451883
"528",4.67984402023884,3.683977446713
"529",4.66688625113243,3.67950676484737
"530",4.65392994228104,3.67501096746892
"531",4.64097532131866,3.67049013356592
"532",4.62802261584964,3.66594434256651
"533",4.61507205344467,3.66137367433731
"534",4.60212386163679,3.65677820918202
"535",4.58917826791738,3.65215802783999
"536",4.57623549973218,3.64751321148484
"537",4.56329578447729,3.64284384172299
"538",4.55035934949518,3.63815000059227
"539",4.53742642207066,3.63343177056044
"540",4.52449722942695,3.62868923452376
"541",4.51157199872161,3.62392247580554
"542",4.49865095704264,3.61913157815465
"543",4.48573433140441,3.61431662574407
"544",4.47282234874371,3.60947770316942
"545",4.45991523591575,3.60461489544746
"546",4.44701321969019,3.59972828801457
"547",4.43411652674714,3.59481796672531
"548",4.42122538367319,3.58988401785086
"549",4.40834001695742,3.58492652807751
"550",4.39546065298741,3.57994558450517
"551",4.3825875180453,3.57494127464581
"552",4.36972083830377,3.56991368642193
"553",4.35686083982208,3.56486290816501
"554",4.34400774854215,3.55978902861397
"555",4.33116179028448,3.55469213691362
"556",4.3183231907443,3.54957232261304
"557",4.30549217548752,3.54442967566409
"558",4.29266896994681,3.53926428641974
"559",4.27985379941765,3.53407624563258
"560",4.2670468890543,3.52886564445312
"561",4.25424846386595,3.52363257442827
"562",4.24145874871266,3.51837712749971
"563",4.2286779683015,3.51309939600224
"564",4.21590634718255,3.50779947266222
"565",4.20314410974495,3.50247745059587
"566",4.190391480213,3.4971334233077
"567",4.17764868264218,3.49176748468883
"568",4.16491594091524,3.48637972901533
"569",4.15219347873824,3.48097025094661
"570",4.13948151963664,3.4755391455237
"571",4.12678028695138,3.47008650816764
"572",4.11409000383493,3.46461243467774
"573",4.10141089324739,3.45911702122996
"574",4.08874317795256,3.45360036437515
"575",4.07608708051404,3.44806256103744
"576",4.06344282329131,3.44250370851245
"577",4.05081062843581,3.43692390446565
"578",4.03819071788708,3.4313232469306
"579",4.02558331336881,3.42570183430723
"580",4.01298863638497,3.42005976536016
"581",4.00040690821593,3.41439713921688
"582",3.98783834991454,3.40871405536611
"583",3.97528318230228,3.40301061365595
"584",3.96274162596534,3.39728691429221
"585",3.9502139012508,3.3915430578366
"586",3.93770022826269,3.38577914520496
"587",3.92520082685821,3.37999527766554
"588",3.91271591664377,3.37419155683716
"589",3.90024571697121,3.36836808468746
"590",3.88779044693389,3.36252496353108
"591",3.87535032536289,3.3566622960279
"592",3.86292557082312,3.35078018518122
"593",3.85051640160953,3.34487873433593
"594",3.83812303574321,3.33895804717672
"595",3.82574569096762,3.33301822772624
"596",3.81338458474473,3.32705938034331
"597",3.80103993425122,3.32108160972102
"598",3.78871195637464,3.31508502088496
"599",3.77640086770962,3.30906971919133
"600",3.76410688455405,3.3030358103251
"601",3.7518302229053,3.29698340029817
"602",3.7395710984564,3.29091259544748
"603",3.72732972659227,3.28482350243315
"604",3.71510632238593,3.27871622823664
"605",3.70290110059471,3.27259088015881
"606",3.6907142756565,3.26644756581808
"607",3.67854606168595,3.26028639314852
"608",3.66639667247075,3.25410747039798
"609",3.65426632146784,3.24791090612614
"610",3.64215522179967,3.24169680920264
"611",3.63006358625045,3.23546528880517
"612",3.61799162726244,3.22921645441752
"613",3.60593955693217,3.22295041582768
"614",3.59390758700676,3.21666728312592
"615",3.58189592888016,3.21036716670283
"616",3.56990479358946,3.20405017724739
"617",3.5579343918112,3.19771642574504
"618",3.54598493385761,3.19136602347572
"619",3.53405662967297,3.1849990820119
"620",3.52214968882991,3.17861571321664
"621",3.51026432052569,3.17221602924161
"622",3.49840073357859,3.16580014252514
"623",3.48655913642418,3.15936816579023
"624",3.4747397371117,3.15292021204256
"625",3.46294274330037,3.14645639456853
"626",3.45116836225578,3.13997682693324
"627",3.43941680084621,3.13348162297852
"628",3.42768826553902,3.12697089682092
"629",3.41598296239703,3.12044476284971
"630",3.40430109707488,3.11390333572485
"631",3.39264287481539,3.107346730375
"632",3.38100850044604,3.1007750619955
"633",3.36939817837528,3.09418844604632
"634",3.35781211258899,3.08758699825007
"635",3.34625050664688,3.08097083458992
"636",3.33471356367892,3.07434007130761
"637",3.32320148638176,3.06769482490138
"638",3.31171447701518,3.06103521212393
"639",3.30025273739854,3.05436134998036
"640",3.28881646890721,3.04767335572613
"641",3.27740587246907,3.04097134686498
"642",3.26602114856094,3.03425544114691
"643",3.25466249720509,3.02752575656603
"644",3.2433301179657,3.02078241135858
"645",3.23202420994538,3.01402552400079
"646",3.22074497178164,3.00725521320681
"647",3.20949260164342,3.00047159792664
"648",3.19826729722764,2.99367479734404
"649",3.18706925575564,2.9868649308744
"650",3.17589867396981,2.98004211816269
"651",3.16475574813006,2.97320647908135
"652",3.15364067401043,2.96635813372813
"653",3.14255364689561,2.95949720242407
"654",3.13149486157751,2.95262380571129
"655",3.12046451235188,2.94573806435095
"656",3.10946279301484,2.9388400993211
"657",3.09848989685951,2.93193003181453
"658",3.08754601667261,2.92500798323667
"659",3.07663134473106,2.91807407520346
"660",3.06574607279861,2.9111284295392
"661",3.05489039212248,2.9041711682744
"662",3.04406449342998,2.89720241364367
"663",3.03326856692518,2.89022228808353
"664",3.02250280228555,2.88323091423029
"665",3.01176738865864,2.87622841491788
"666",3.00106251465875,2.86921491317571
"667",2.99038836836362,2.86219053222648
"668",2.97974513731112,2.85515539548404
"669",2.96913300849597,2.84810962655121
"670",2.95855216836642,2.84105334921761
"671",2.94800280282103,2.83398668745748
"672",2.93748509720534,2.82690976542753
"673",2.92699923630868,2.8198227074647
"674",2.91654540436085,2.81272563808405
"675",2.90612378502895,2.80561868197651
"676",2.89573456141413,2.79850196400672
"677",2.88537791604833,2.79137560921082
"678",2.87505403089116,2.78423974279429
"679",2.86476308732661,2.77709449012969
"680",2.85450526615994,2.76993997675451
"681",2.84428074761446,2.76277632836894
"682",2.83408971132837,2.75560367083367
"683",2.82393233635161,2.74842213016767
"684",2.81380880114271,2.74123183254598
"685",2.80371928356567,2.7340329042975
"686",2.79366396088681,2.72682547190276
"687",2.78364300977166,2.7196096619917
"688",2.77365660628189,2.71238560134145
"689",2.76370492587217,2.70515341687411
"690",2.75378814338711,2.6979132356545
"691",2.74390643305819,2.69066518488792
"692",2.7340599685007,2.68340939191798
"693",2.72424892271066,2.67614598422427
"694",2.71447346806184,2.66887508942019
"695",2.70473377630268,2.66159683525067
"696",2.69503001855328,2.65431134958995
"697",2.68536236530241,2.64701876043932
"698",2.67573098640452,2.63971919592488
"699",2.66613605107672,2.63241278429526
"700",2.65657772789585,2.62509965391942
"701",2.64705618479549,2.61777993328433
"702",2.63757158906301,2.61045375099279
"703",2.62812410733666,2.60312123576108
"704",2.61871390560258,2.59578251641678
"705",2.60934114919198,2.58843772189646
"706",2.60000600277814,2.58108698124342
"707",2.59070863037356,2.57373042360544
"708",2.5814491953271,2.56636817823251
"709",2.57222786032105,2.55900037447452
"710",2.56304478736833,2.55162714177905
"711",2.55390013780962,2.54424860968904
"712",2.54479407231052,2.53686490784054
"713",2.53572675085873,2.52947616596044
"714",2.52669833276125,2.52208251386417
"715",2.51770897664157,2.51468408145345
"716",2.50875884043688,2.50728099871395
"717",2.4998480813953,2.49987339571307
"718",2.49097685607314,2.49246140259762
"719",2.48214532033211,2.48504514959155
"720",2.47335362933659,2.47762476699365
"721",2.46460193755094,2.47020038517525
"722",2.45589039873674,2.46277213457796
"723",2.44721916595012,2.45534014571135
"724",2.43858839153904,2.44790454915069
"725",2.42999822714066,2.44046547553462
"726",2.42144882367862,2.43302305556285
"727",2.41294033136044,2.42557741999393
"728",2.40447289967485,2.41812869964286
"729",2.39604667738916,2.41067702537886
"730",2.38766181254668,2.40322252812306
"731",2.37931845246407,2.39576533884616
"732",2.37101674372879,2.38830558856617
"733",2.36275683219652,2.38084340834611
"734",2.35453886298858,2.37337892929166
"735",2.3463629804894,2.36591228254892
"736",2.33822932834397,2.35844359930206
"737",2.3301380494553,2.35097301077103
"738",2.32208928598197,2.34350064820926
"739",2.31408317933555,2.33602664290135
"740",2.30611987017818,2.32855112616074
"741",2.29819949842008,2.32107422932746
"742",2.29032220321706,2.31359608376577
"743",2.28248812296815,2.30611682086186
"744",2.27469739531306,2.29863657202156
"745",2.26695015712988,2.29115546866803
"746",2.25924654453258,2.28367364223943
"747",2.25158669286867,2.27619122418664
"748",2.24397073671682,2.26870834597091
"749",2.23639880988446,2.2612251390616
"750",2.22887104540547,2.25374173493382
"751",2.22138757553783,2.24625826506618
"752",2.21394853176127,2.2387748609384
"753",2.206554044775,2.23129165402909
"754",2.19920424449539,2.22380877581336
"755",2.19189926005371,2.21632635776056
"756",2.18463921979381,2.20884453133197
"757",2.17742425126994,2.20136342797844
"758",2.17025448124443,2.19388317913814
"759",2.16313003568553,2.18640391623423
"760",2.15605103976515,2.17892577067254
"761",2.1490176178567,2.17144887383926
"762",2.14202989353286,2.16397335709865
"763",2.13508798956345,2.15649935179074
"764",2.12819202791324,2.14902698922897
"765",2.12134212973985,2.14155640069794
"766",2.11453841539156,2.13408771745108
"767",2.10778100440526,2.12662107070834
"768",2.10107001550431,2.11915659165389
"769",2.09440556659644,2.11169441143383
"770",2.08778777477175,2.10423466115384
"771",2.08121675630056,2.09677747187694
"772",2.07469262663144,2.08932297462114
"773",2.06821550038913,2.08187130035714
"774",2.06178549137259,2.07442258000607
"775",2.05540271255291,2.06697694443715
"776",2.04906727607142,2.05953452446538
"777",2.04277929323765,2.05209545084931
"778",2.03653887452741,2.04465985428865
"779",2.03034612958082,2.03722786542204
"780",2.02420116720044,2.02979961482475
"781",2.01810409534929,2.02237523300635
"782",2.012055021149,2.01495485040845
"783",2.0060540508779,2.00753859740238
"784",2.00010128996917,2.00012660428693
"785",1.99419684300898,1.99271900128605
"786",1.98834081373468,1.98531591854655
"787",1.9825333050329,1.97791748613583
"788",1.97677441893785,1.97052383403956
"789",1.97106425662944,1.96313509215946
"790",1.96540291843155,1.95575139031096
"791",1.95979050381023,1.94837285822095
"792",1.954227111372,1.94099962552548
"793",1.94871283886207,1.93363182176749
"794",1.94324778316267,1.92626957639456
"795",1.9378320402913,1.91891301875658
"796",1.93246570539907,1.91156227810354
"797",1.92714887276903,1.90421748358322
"798",1.9218816358145,1.89687876423892
"799",1.91666408707744,1.88954624900722
"800",1.91149631822683,1.88222006671567
"801",1.90637842005702,1.87490034608058
"802",1.9013104824862,1.86758721570474
"803",1.89629259455477,1.86028080407512
"804",1.89132484442377,1.85298123956068
"805",1.88640731937338,1.84568865041005
"806",1.88154010580134,1.83840316474933
"807",1.87672328922147,1.83112491057981
"808",1.87195695426212,1.82385401577573
"809",1.86724118466474,1.81659060808202
"810",1.86257606328235,1.80933481511208
"811",1.85796167207812,1.80208676434551
"812",1.85339809212395,1.79484658312589
"813",1.84888540359899,1.78761439865855
"814",1.84442368578827,1.7803903380083
"815",1.84001301708129,1.77317452809724
"816",1.83565347497067,1.7659670957025
"817",1.83134513605075,1.75876816745402
"818",1.82708807601627,1.75157786983233
"819",1.82288236966103,1.74439632916633
"820",1.81872809087658,1.73722367163106
"821",1.81462531265093,1.73006002324549
"822",1.81057410706724,1.72290550987031
"823",1.80657454530258,1.71576025720571
"824",1.80262669762669,1.70862439078918
"825",1.79873063340069,1.70149803599328
"826",1.79488642107593,1.69438131802349
"827",1.79109412819274,1.68727436191595
"828",1.78735382137927,1.6801772925353
"829",1.78366556635028,1.67309023457247
"830",1.78002942790606,1.66601331254252
"831",1.77644546993121,1.65894665078239
"832",1.77291375539355,1.65189037344879
"833",1.76943434634305,1.64484460451596
"834",1.76600730391067,1.63780946777352
"835",1.76263268830734,1.63078508682429
"836",1.75931055882288,1.62377158508212
"837",1.75604097382498,1.61676908576971
"838",1.75282399075812,1.60977771191647
"839",1.74965966614264,1.60279758635633
"840",1.74654805557367,1.5958288317256
"841",1.74348921372021,1.5888715704608
"842",1.74048319432413,1.58192592479654
"843",1.73753005019927,1.57499201676333
"844",1.73462983323046,1.56806996818547
"845",1.73178259437264,1.5611599006789
"846",1.72898838364998,1.55426193564905
"847",1.72624725015494,1.54737619428871
"848",1.72355924204748,1.54050279757593
"849",1.72092440655417,1.53364186627187
"850",1.71834278996737,1.52679352091865
"851",1.71581443764442,1.51995788183731
"852",1.71333939400685,1.5131350691256
"853",1.71091770253957,1.50632520265596
"854",1.70854940579014,1.49952840207336
"855",1.70623454536801,1.49274478679319
"856",1.7039731619438,1.48597447599921
"857",1.70176529524854,1.47921758864142
"858",1.69961098407303,1.47247424343397
"859",1.69751026626713,1.4657445588531
"860",1.69546317873911,1.45902865313502
"861",1.69346975745496,1.45232664427387
"862",1.69153003743782,1.44563865001964
"863",1.68964405276732,1.43896478787607
"864",1.68781183657899,1.43230517509862
"865",1.68603342106369,1.42565992869239
"866",1.68430883746704,1.41902916541008
"867",1.68263811608885,1.41241300174993
"868",1.68102128628263,1.40581155395368
"869",1.67945837645504,1.3992249380045
"870",1.67794941406539,1.392653269625
"871",1.67649442562518,1.38609666427515
"872",1.67509343669762,1.37955523715029
"873",1.67374647189718,1.37302910317908
"874",1.67245355488917,1.36651837702148
"875",1.6712147083893,1.36002317306677
"876",1.67002995416332,1.35354360543148
"877",1.66889931302658,1.34707978795744
"878",1.66782280484372,1.34063183420977
"879",1.66680044852831,1.33419985747486
"880",1.66583226204247,1.32778397075839
"881",1.66491826239663,1.32138428678336
"882",1.66405846564917,1.3150009179881
"883",1.66325288690616,1.30863397652428
"884",1.66250154032111,1.30228357425496
"885",1.66180443909468,1.29594982275261
"886",1.6611615954745,1.28963283329717
"887",1.66057302075492,1.28333271687408
"888",1.66003872527681,1.27704958417232
"889",1.65955871842741,1.27078354558248
"890",1.65913300864012,1.26453471119483
"891",1.65876160339438,1.25830319079736
"892",1.65844450921556,1.25208909387386
"893",1.65818173167479,1.24589252960202
"894",1.65797327538891,1.23971360685148
"895",1.65781914402034,1.23355243418192
"896",1.6577193402771,1.22740911984119
"897",1.65767386591265,1.22128377176336
"898",1.65768272172597,1.21517649756685
"899",1.65774590756145,1.20908740455252
"900",1.65786342230896,1.20301659970183
"901",1.65803526390384,1.1969641896749
"902",1.65826142932696,1.19093028080867
"903",1.65854191460472,1.18491497911504
"904",1.65887671480918,1.17891839027898
"905",1.65926582405811,1.17294061965669
"906",1.65970923551513,1.16698177227376
"907",1.66020694138977,1.16104195282328
"908",1.66075893293767,1.15512126566407
"909",1.66136520046068,1.14921981481878
"910",1.66202573330708,1.1433377039721
"911",1.66274051987173,1.13747503646892
"912",1.66350954759629,1.13163191531254
"913",1.66433280296945,1.12580844316284
"914",1.66521027152712,1.12000472233446
"915",1.66614193785277,1.11422085479504
"916",1.6671277855776,1.1084569421634
"917",1.66816779738091,1.10271308570779
"918",1.66926195499037,1.09698938634405
"919",1.67041023918233,1.09128594463389
"920",1.67161262978217,1.08560286078312
"921",1.67286910566466,1.07994023463984
"922",1.67417964475435,1.07429816569277
"923",1.67554422402589,1.0686767530694
"924",1.67696281950451,1.06307609553435
"925",1.6784354062664,1.05749629148755
"926",1.67996195843916,1.05193743896256
"927",1.68154244920225,1.04639963562485
"928",1.68317685078747,1.04088297877004
"929",1.68486513447944,1.03538756532226
"930",1.68660727061609,1.02991349183236
"931",1.68840322858923,1.0244608544763
"932",1.69025297684502,1.01902974905339
"933",1.69215648288457,1.01362027098467
"934",1.69411371326452,1.00823251531117
"935",1.6961246335976,1.0028665766923
"936",1.69818920855321,0.997522549404129
"937",1.70030740185811,0.992200527337783
"938",1.70247917629702,0.986900603997759
"939",1.70470449371325,0.981622872500293
"940",1.7069833150094,0.976367425571729
"941",1.70931560014807,0.971134355546883
"942",1.71170130815249,0.965923754367424
"943",1.71414039710733,0.960735713580256
"944",1.71663282415934,0.955570324335913
"945",1.71917854551821,0.950427677386958
"946",1.72177751645724,0.945307863086383
"947",1.7244296913142,0.940210971386026
"948",1.72713502349207,0.935137091834991
"949",1.72989346545991,0.930086313578072
"950",1.73270496875368,0.92505872535419
"951",1.73556948397707,0.920054415494829
"952",1.7384869608024,0.91507347192249
"953",1.74145734797147,0.910115982149142
"954",1.74448059329651,0.905182033274686
"955",1.74755664366104,0.900271711985425
"956",1.75068544502083,0.895385104552541
"957",1.75386694240486,0.890522296830575
"958",1.75710107991627,0.88568337425593
"959",1.76038780073335,0.880868421845355
"960",1.76372704711054,0.876077524194462
"961",1.76711876037942,0.871310765476237
"962",1.77056288094977,0.866568229439557
"963",1.77405934831063,0.861849999407726
"964",1.77760810103131,0.857156158277007
"965",1.7812090767625,0.852486788515162
"966",1.7848622122374,0.847841972160012
"967",1.78856744327276,0.843221790817984
"968",1.79232470477005,0.838626325662689
"969",1.79613393071662,0.83405565743349
"970",1.79999505418683,0.829509866434082
"971",1.80390800734321,0.824989032531083
"972",1.8078727214377,0.820493235152634
"973",1.81188912681283,0.816022553286996
"974",1.81595715290295,0.811577065481171
"975",1.82007672823546,0.807156849839513
"976",1.82424778043207,0.802761984022365
"977",1.82847023621009,0.798392545244687
"978",1.83274402138368,0.794048610274703
"979",1.8370690608652,0.789730255432551
"980",1.84144527866649,0.785437556588944
"981",1.84587259790022,0.781170589163835
"982",1.85035094078124,0.776929428125092
"983",1.85488022862796,0.772714147987181
"984",1.85946038186371,0.76852482280986
"985",1.86409132001814,0.764361526196872
"986",1.86877296172866,0.760224331294655
"987",1.87350522474183,0.75611331079106
"988",1.87828802591485,0.752028536914067
"989",1.88312128121698,0.747970081430521
"990",1.88800490573104,0.743938015644872
"991",1.8929388136549,0.739932410397915
"992",1.89792291830296,0.735953336065555
"993",1.90295713210772,0.732000862557565
"994",1.90804136662129,0.728075059316356
"995",1.91317553251695,0.724175995315763
"996",1.9183595395907,0.720303739059827
"997",1.92359329676289,0.716458358581596
"998",1.92887671207977,0.712639921441929
"999",1.93420969271513,0.708848494728303
"1000",1.93959214497196,0.705084145053645
"1001",1.94502397428402,0.701346938555154
"1002",1.95050508521758,0.697636940893138
"1003",1.95603538147304,0.693954217249867
"1004",1.96161476588667,0.690298832328422
"1005",1.96724314043228,0.68667085035156
"1006",1.97292040622296,0.683070335060589
"1007",1.97864646351279,0.679497349714241
"1008",1.98442121169864,0.675951957087568
"1009",1.99024454932192,0.672434219470832
"1010",1.99611637407033,0.668944198668417
"1011",2.00203658277968,0.665481955997742
"1012",2.00800507143573,0.662047552288177
"1013",2.01402173517599,0.658641047879984
"1014",2.02008646829153,0.655262502623252
"1015",2.02619916422892,0.651911975876841
"1016",2.03235971559201,0.648589526507349
"1017",2.0385680141439,0.645295212888071
"1018",2.04482395080878,0.642029092897973
"1019",2.05112741567386,0.638791223920682
"1020",2.05747829799135,0.635581662843466
"1021",2.06387648618031,0.632400466056248
"1022",2.07032186782872,0.629247689450604
"1023",2.07681432969536,0.62612338841879
"1024",2.08335375771187,0.62302761785276
"1025",2.0899400369847,0.619960432143208
"1026",2.09657305179718,0.616921885178612
"1027",2.10325268561151,0.613912030344284
"1028",2.10997882107083,0.610930920521433
"1029",2.11675134000127,0.60797860808624
"1030",2.12357012341403,0.605055144908931
"1031",2.13043505150749,0.60216058235287
"1032",2.13734600366928,0.599294971273658
"1033",2.14430285847842,0.596458362018233
"1034",2.15130549370747,0.593650804423992
"1035",2.15835378632462,0.590872347817916
"1036",2.16544761249592,0.588123041015694
"1037",2.17258684758741,0.585402932320877
"1038",2.17977136616734,0.58271206952402
"1039",2.18700104200834,0.580050499901852
"1040",2.19427574808967,0.577418270216434
"1041",2.20159535659942,0.574815426714346
"1042",2.20895973893679,0.572242015125872
"1043",2.21636876571432,0.569698080664194
"1044",2.2238223067602,0.567183668024603
"1045",2.23132023112051,0.564698821383709
"1046",2.23886240706154,0.562243584398665
"1047",2.24644870207213,0.559818000206404
"1048",2.25407898286596,0.557422111422877
"1049",2.26175311538391,0.555055960142307
"1050",2.26947096479642,0.552719587936447
"1051",2.27723239550585,0.55041303585385
"1052",2.28503727114886,0.548136344419152
"1053",2.29288545459881,0.545889553632354
"1054",2.30077680796818,0.543672702968122
"1055",2.30871119261097,0.541485831375093
"1056",2.31668846912516,0.539328977275195
"1057",2.32470849735514,0.537202178562961
"1058",2.33277113639418,0.535105472604877
"1059",2.34087624458691,0.533038896238714
"1060",2.3490236795318,0.531002485772888
"1061",2.35721329808366,0.52899627698582
"1062",2.36544495635618,0.527020305125303
"1063",2.37371850972442,0.52507460490789
"1064",2.38203381282738,0.523159210518283
"1065",2.39039071957054,0.521274155608724
"1066",2.39878908312844,0.519419473298415
"1067",2.40722875594724,0.517595196172929
"1068",2.41570958974733,0.515801356283639
"1069",2.42423143552591,0.514037985147157
"1070",2.43279414355966,0.512305113744777
"1071",2.4413975634073,0.510602772521934
"1072",2.4500415439123,0.508930991387665
"1073",2.45872593320548,0.507289799714088
"1074",2.46745057870773,0.505679226335884
"1075",2.47621532713263,0.504099299549788
"1076",2.48502002448922,0.502550047114097
"1077",2.49386451608462,0.501031496248178
"1078",2.50274864652682,0.499543673631991
"1079",2.51167225972738,0.49808660540562
"1080",2.52063519890415,0.496660317168816
"1081",2.52963730658408,0.495264833980544
"1082",2.53867842460593,0.493900180358545
"1083",2.54775839412308,0.492566380278903
"1084",2.55687705560631,0.491263457175626
"1085",2.56603424884663,0.489991433940235
"1086",2.57522981295804,0.488750332921356
"1087",2.58446358638041,0.487540175924337
"1088",2.59373540688229,0.486360984210855
"1089",2.60304511156377,0.485212778498549
"1090",2.61239253685933,0.484095578960653
"1091",2.62177751854073,0.483009405225645
"1092",2.6311998917199,0.481954276376896
"1093",2.64065949085181,0.48093021095234
"1094",2.65015614973739,0.479937226944147
"1095",2.65968970152647,0.478975341798408
"1096",2.66925997872068,0.478044572414822
"1097",2.67886681317643,0.477144935146409
"1098",2.68851003610781,0.476276445799217
"1099",2.69818947808962,0.475439119632043
"1100",2.70790496906029,0.474632971356169
"1101",2.71765633832492,0.4738580151351
"1102",2.72744341455822,0.473114264584318
"1103",2.73726602580758,0.472401732771042
"1104",2.74712399949603,0.471720432213995
"1105",2.75701716242534,0.471070374883189
"1106",2.766945340779,0.470451572199714
"1107",2.77690836012533,0.469864035035533
"1108",2.78690604542048,0.469307773713297
"1109",2.79693822101157,0.468782798006157
"1110",2.80700471063974,0.468289117137599
"1111",2.81710533744326,0.467826739781278
"1112",2.8272399239606,0.467395674060866
"1113",2.83740829213363,0.466995927549909
"1114",2.84761026331067,0.466627507271697
"1115",2.85784565824965,0.466290419699137
"1116",2.86811429712127,0.465984670754639
"1117",2.87841599951218,0.465710265810017
"1118",2.8887505844281,0.465467209686387
"1119",2.89911787029702,0.46525550665409
"1120",2.90951767497243,0.465075160432611
"1121",2.91994981573643,0.464926174190517
"1122",2.93041410930306,0.464808550545401
"1123",2.94091037182141,0.464722291563834
"1124",2.9514384188789,0.46466739876133
"1125",2.96199806550455,0.464643873102322
"1126",2.97258912617216,0.46465171500014
"1127",2.98321141480361,0.464690924317006
"1128",2.99386474477215,0.464761500364038
"1129",3.00454892890562,0.464863441901261
"1130",3.0152637794898,0.464996747137627
"1131",3.02600910827167,0.46516141373105
"1132",3.03678472646272,0.465357438788443
"1133",3.04759044474228,0.465584818865772
"1134",3.05842607326085,0.465843549968116
"1135",3.06929142164341,0.466133627549736
"1136",3.08018629899279,0.466455046514156
"1137",3.09111051389302,0.466807801214252
"1138",3.10206387441269,0.467191885452352
"1139",3.11304618810829,0.467607292480341
"1140",3.12405726202767,0.468054014999787
"1141",3.13509690271334,0.468532045162063
"1142",3.14616491620593,0.469041374568487
"1143",3.15726110804757,0.469581994270469
"1144",3.16838528328533,0.47015389476967
"1145",3.17953724647461,0.470757066018165
"1146",3.1907168016826,0.471391497418626
"1147",3.20192375249172,0.472057177824501
"1148",3.21315790200307,0.472754095540214
"1149",3.22441905283988,0.47348223832137
"1150",3.23570700715098,0.474241593374969
"1151",3.24702156661429,0.475032147359633
"1152",3.2583625324403,0.475853886385837
"1153",3.26972970537552,0.476706796016156
"1154",3.28112288570607,0.477590861265518
"1155",3.29254187326111,0.478506066601465
"1156",3.30398646741638,0.47945239594443
"1157",3.31545646709773,0.480429832668015
"1158",3.32695167078466,0.481438359599288
"1159",3.33847187651386,0.48247795901908
"1160",3.35001688188272,0.483548612662298
"1161",3.36158648405294,0.484650301718248
"1162",3.37318047975407,0.485783006830964
"1163",3.38479866528707,0.486946708099546
"1164",3.3964408365279,0.488141385078513
"1165",3.40810678893113,0.489367016778159
"1166",3.41979631753348,0.490623581664927
"1167",3.43150921695746,0.49191105766178
"1168",3.44324528141499,0.493229422148594
"1169",3.45500430471096,0.494578651962555
"1170",3.46678608024693,0.495958723398565
"1171",3.47859040102467,0.497369612209657
"1172",3.49041705964988,0.498811293607424
"1173",3.5022658483358,0.500283742262454
"1174",3.51413655890683,0.501786932304771
"1175",3.52602898280224,0.503320837324295
"1176",3.5379429110798,0.504885430371303
"1177",3.54987813441948,0.506480683956904
"1178",3.56183444312709,0.50810657005352
"1179",3.57381162713797,0.50976306009538
"1180",3.58580947602075,0.511450124979021
"1181",3.59782777898092,0.5131677350638
"1182",3.60986632486467,0.514915860172414
"1183",3.62192490216248,0.516694469591431
"1184",3.63400329901293,0.518503532071831
"1185",3.64610130320638,0.520343015829551
"1186",3.65821870218867,0.522212888546047
"1187",3.67035528306491,0.524113117368859
"1188",3.68251083260321,0.526043668912192
"1189",3.69468513723838,0.528004509257499
"1190",3.70687798307574,0.529995603954078
"1191",3.71908915589485,0.532016918019679
"1192",3.73131844115326,0.534068415941115
"1193",3.74356562399031,0.536150061674891
"1194",3.75583048923089,0.538261818647831
"1195",3.76811282138922,0.540403649757726
"1196",3.78041240467264,0.542575517373984
"1197",3.79272902298539,0.54477738333829
"1198",3.80506245993243,0.547009208965278
"1199",3.81741249882321,0.549270955043209
"1200",3.82977892267551,0.551562581834663
"1201",3.84216151421924,0.553884049077232
"1202",3.85456005590023,0.556235315984234
"1203",3.8669743298841,0.558616341245423
"1204",3.87940411806004,0.56102708302772
"1205",3.8918492020447,0.563467498975945
"1206",3.90430936318596,0.565937546213563
"1207",3.91678438256683,0.568437181343434
"1208",3.92927404100924,0.57096636044858
"1209",3.94177811907795,0.573525039092954
"1210",3.95429639708437,0.576113172322221
"1211",3.9668286550904,0.578730714664546
"1212",3.97937467291236,0.581377620131399
"1213",3.99193423012479,0.584053842218355
"1214",4.00450710606438,0.586759333905916
"1215",4.01709307983378,0.589494047660338
"1216",4.02969193030554,0.592257935434459
"1217",4.04230343612599,0.595050948668555
"1218",4.05492737571909,0.597873038291181
"1219",4.06756352729036,0.600724154720042
"1220",4.08021166883075,0.603604247862859
"1221",4.09287157812056,0.606513267118249
"1222",4.10554303273336,0.609451161376621
"1223",4.11822581003984,0.612417879021065
"1224",4.13091968721178,0.615413367928263
"1225",4.14362444122593,0.618437575469404
"1226",4.15633984886796,0.621490448511112
"1227",4.16906568673634,0.624571933416374
"1228",4.1818017312463,0.627681976045484
"1229",4.19454775863375,0.630820521756999
"1230",4.20730354495919,0.633987515408692
"1231",4.22006886611169,0.637182901358526
"1232",4.23284349781277,0.640406623465627
"1233",4.24562721562038,0.643658625091276
"1234",4.25841979493284,0.6469388490999
"1235",4.27122101099277,0.650247237860075
"1236",4.28403063889106,0.653583733245544
"1237",4.29684845357079,0.656948276636231
"1238",4.30967422983123,0.660340808919278
"1239",4.32250774233174,0.663761270490078
"1240",4.33534876559578,0.667209601253325
"1241",4.34819707401484,0.67068574062407
"1242",4.36105244185243,0.674189627528782
"1243",4.37391464324801,0.677721200406428
"1244",4.38678345222099,0.681280397209547
"1245",4.39965864267469,0.684867155405344
"1246",4.41253998840032,0.688481411976789
"1247",4.42542726308091,0.692123103423722
"1248",4.43832024029537,0.695792165763972
"1249",4.45121869352239,0.699488534534477
"1250",4.46412239614446,0.703212144792418
"1251",4.47703112145183,0.706962931116365
"1252",4.48994464264652,0.710740827607417
"1253",4.50286273284628,0.714545767890366
"1254",4.5157851650886,0.718377685114864
"1255",4.52871171233465,0.722236511956593
"1256",4.54164214747334,0.726122180618455
"1257",4.55457624332526,0.730034622831751
"1258",4.56751377264666,0.733973769857394
"1259",4.5804545081335,0.73793955248711
"1260",4.5933982224254,0.741931901044652
"1261",4.60634468810962,0.745950745387028
"1262",4.61929367772512,0.749996014905733
"1263",4.63224496376648,0.754067638527987
"1264",4.64519831868796,0.758165544717988
"1265",4.65815351490746,0.762289661478163
"1266",4.67111032481052,0.766439916350438
"1267",4.68406852075434,0.77061623641751
"1268",4.69702787507178,0.774818548304125
"1269",4.70998816007532,0.779046778178371
"1270",4.7229491480611,0.783300851752974
"1271",4.73591061131293,0.787580694286602
"1272",4.74887232210624,0.791886230585179
"1273",4.76183405271212,0.796217385003207
"1274",4.77479557540132,0.800574081445092
"1275",4.78775666244823,0.804956243366486
"1276",4.80071708613491,0.809363793775626
"1277",4.81367661875507,0.813796655234694
"1278",4.82663503261807,0.818254749861168
"1279",4.83959210005291,0.822737999329197
"1280",4.85254759341229,0.827246324870979
"1281",4.86550128507652,0.831779647278137
"1282",4.87845294745759,0.836337886903119
"1283",4.89140235300314,0.84092096366059
"1284",4.90434927420045,0.845528797028845
"1285",4.91729348358046,0.850161306051221
"1286",4.93023475372176,0.854818409337518
"1287",4.94317285725456,0.859500025065432
"1288",4.95610756686472,0.864206070981993
"1289",4.96903865529773,0.868936464405005
"1290",4.9819658953627,0.873691122224503
"1291",4.99488905993634,0.878469960904214
"1292",5.00780792196698,0.883272896483019
"1293",5.02072225447854,0.888099844576438
"1294",5.03363183057452,0.8929507203781
"1295",5.04653642344199,0.897825438661243
"1296",5.05943580635555,0.90272391378021
"1297",5.07232975268137,0.907646059671946
"1298",5.08521803588112,0.912591789857522
"1299",5.09810042951596,0.917561017443644
"1300",5.11097670725054,0.922553655124184
"1301",5.12384664285695,0.927569615181716
"1302",5.13671001021872,0.932608809489054
"1303",5.14956658333478,0.937671149510799
"1304",5.16241613632341,0.9427565463049
"1305",5.17525844342624,0.947864910524212
"1306",5.18809327901223,0.952996152418067
"1307",5.20092041758157,0.95815018183385
"1308",5.21373963376971,0.963326908218585
"1309",5.22655070235127,0.968526240620528
"1310",5.23935339824404,0.973748087690753
"1311",5.2521474965129,0.978992357684777
"1312",5.26493277237379,0.984258958464152
"1313",5.27770900119764,0.989547797498096
"1314",5.29047595851435,0.994858781865116
"1315",5.3032334200167,1.00019181825464
"1316",5.31598116156431,1.00554681296865
"1317",5.32871895918759,1.01092367192334
"1318",5.34144658909163,1.01632230065077
"1319",5.35416382766017,1.0217426043005
"1320",5.36687045145953,1.02718448764129
"1321",5.37956623724251,1.03264785506277
"1322",5.39225096195234,1.03813261057708
"1323",5.40492440272658,1.0436386578206
"1324",5.41758633690104,1.04916590005563
"1325",5.43023654201369,1.05471424017209
"1326",5.44287479580858,1.06028358068921
"1327",5.45550087623973,1.06587382375727
"1328",5.46811456147506,1.07148487115931
"1329",5.48071562990022,1.07711662431283
"1330",5.49330386012258,1.08276898427155
"1331",5.50587903097503,1.08844185172717
"1332",5.51844092151993,1.09413512701105
"1333",5.53098931105295,1.099848710096
"1334",5.54352397910698,1.10558250059807
"1335",5.55604470545597,1.11133639777824
"1336",5.56855127011882,1.11711030054425
"1337",5.58104345336327,1.12290410745235
"1338",5.59352103570968,1.12871771670908
"1339",5.60598379793499,1.13455102617307
"1340",5.61843152107649,1.14040393335684
"1341",5.63086398643571,1.14627633542857
"1342",5.64328097558223,1.15216812921395
"1343",5.65568227035756,1.15807921119795
"1344",5.66806765287894,1.16400947752668
"1345",5.68043690554318,1.16995882400917
"1346",5.69278981103049,1.17592714611924
"1347",5.70512615230826,1.18191433899732
"1348",5.71744571263493,1.18792029745228
"1349",5.72974827556377,1.19394491596331
"1350",5.74203362494667,1.19998808868174
"1351",5.75430154493795,1.20604970943291
"1352",5.76655181999817,1.21212967171806
"1353",5.7787842348979,1.21822786871617
"1354",5.79099857472147,1.22434419328584
"1355",5.80319462487081,1.2304785379672
"1356",5.81537217106917,1.23663079498376
"1357",5.82753099936492,1.24280085624432
"1358",5.83967089613528,1.24898861334489
"1359",5.85179164809007,1.25519395757056
"1360",5.86389304227551,1.26141677989743
"1361",5.87597486607788,1.26765697099453
"1362",5.88803690722734,1.27391442122571
"1363",5.90007895380159,1.28018902065161
"1364",5.91210079422962,1.28648065903155
"1365",5.92410221729546,1.29278922582551
"1366",5.93608301214182,1.29911461019603
"1367",5.94804296827387,1.30545670101019
"1368",5.95998187556287,1.31181538684153
"1369",5.97189952424993,1.31819055597204
"1370",5.98379570494962,1.32458209639411
"1371",5.99567020865373,1.33098989581248
"1372",6.00752282673488,1.33741384164626
"1373",6.01935335095019,1.34385382103085
"1374",6.03116157344498,1.35030972081997
"1375",6.04294728675639,1.35678142758761
"1376",6.05471028381704,1.36326882763006
"1377",6.06645035795863,1.36977180696788
"1378",6.07816730291565,1.37629025134791
"1379",6.08986091282889,1.38282404624528
"1380",6.10153098224919,1.38937307686543
"1381",6.11317730614094,1.39593722814611
"1382",6.12479967988572,1.40251638475941
"1383",6.13639789928594,1.40911043111378
"1384",6.14797176056832,1.41571925135609
"1385",6.15952106038761,1.42234272937361
"1386",6.17104559583003,1.42898074879611
"1387",6.18254516441693,1.43563319299787
"1388",6.19401956410829,1.44229994509971
"1389",6.20546859330631,1.44898088797111
"1390",6.21689205085892,1.45567590423221
"1391",6.22828973606333,1.46238487625588
"1392",6.23966144866956,1.4691076861698
"1393",6.25100698888393,1.47584421585853
"1394",6.26232615737263,1.4825943469656
"1395",6.27361875526515,1.48935796089555
"1396",6.28488458415782,1.49613493881603
"1397",6.29612344611729,1.50292516165991
"1398",6.307335143684,1.50972851012736
"1399",6.31851947987564,1.51654486468792
"1400",6.32967625819063,1.52337410558263
"1401",6.34080528261157,1.53021611282613
"1402",6.35190635760866,1.53707076620877
"1403",6.36297928814318,1.5439379452987
"1404",6.37402387967087,1.550817529444
"1405",6.38503993814536,1.55770939777482
"1406",6.39602727002161,1.56461342920548
"1407",6.40698568225929,1.57152950243658
"1408",6.41791498232614,1.57845749595717
"1409",6.4288149782014,1.58539728804689
"1410",6.43968547837918,1.59234875677803
"1411",6.45052629187178,1.5993117800178
"1412",6.46133722821311,1.60628623543034
"1413",6.47211809746196,1.61327200047897
"1414",6.48286871020542,1.6202689524283
"1415",6.49358887756215,1.6272769683464
"1416",6.50427841118571,1.63429592510694
"1417",6.51493712326789,1.64132569939136
"1418",6.52556482654198,1.64836616769108
"1419",6.53616133428609,1.65541720630958
"1420",6.54672646032639,1.66247869136468
"1421",6.55726001904044,1.66955049879063
"1422",6.56776182536038,1.67663250434032
"1423",6.57823169477626,1.68372458358748
"1424",6.58866944333921,1.69082661192885
"1425",6.59907488766472,1.69793846458637
"1426",6.60944784493583,1.70506001660937
"1427",6.61978813290636,1.71219114287676
"1428",6.63009556990412,1.71933171809926
"1429",6.64036997483409,1.72648161682155
"1430",6.65061116718158,1.73364071342453
"1431",6.66081896701545,1.74080888212748
"1432",6.67099319499123,1.7479859969903
"1433",6.68113367235429,1.75517193191569
"1434",6.69124022094298,1.76236656065141
"1435",6.70131266319175,1.76956975679248
"1436",6.71135082213427,1.77678139378338
"1437",6.72135452140657,1.78400134492028
"1438",6.7313235852501,1.79122948335331
"1439",6.74125783851481,1.79846568208873
"1440",6.7511571066623,1.80570981399118
"1441",6.76102121576879,1.81296175178594
"1442",6.77084999252823,1.82022136806113
"1443",6.78064326425537,1.82748853526998
"1444",6.79040085888871,1.83476312573303
"1445",6.80012260499362,1.84204501164042
"1446",6.80980833176528,1.84933406505411
"1447",6.8194578690317,1.85663015791012
"1448",6.82907104725673,1.8639331620208
"1449",6.83864769754304,1.87124294907708
"1450",6.84818765163503,1.87855939065071
"1451",6.85769074192187,1.88588235819652
"1452",6.86715680144038,1.89321172305469
"1453",6.876585663878,1.90054735645301
"1454",6.88597716357569,1.90788912950911
"1455",6.89533113553084,1.91523691323279
"1456",6.9046474154002,1.92259057852821
"1457",6.91392583950273,1.92994999619621
"1458",6.92316624482251,1.93731503693656
"1459",6.93236846901156,1.94468557135025
"1460",6.94153235039273,1.95206146994174
"1461",6.95065772796253,1.95944260312123
"1462",6.95974444139396,1.96682884120698
"1463",6.96879233103932,1.97422005442753
"1464",6.97780123793301,1.98161611292405
"1465",6.98677100379434,1.98901688675253
"1466",6.99570147103032,1.99642224588616
"1467",7.00459248273837,2.00383206021755
"1468",7.01344388270917,2.01124619956103
"1469",7.0222555154293,2.01866453365496
"1470",7.03102722608407,2.02608693216397
"1471",7.03975886056016,2.03351326468132
"1472",7.0484502654484,2.04094340073112
"1473",7.05710128804638,2.04837720977067
"1474",7.06571177636122,2.05581456119275
"1475",7.07428157911219,2.06325532432786
"1476",7.08281054573337,2.07069936844661
"1477",7.09129852637632,2.07814656276192
"1478",7.09974537191269,2.0855967764314
"1479",7.10815093393683,2.0930498785596
"1480",7.11651506476845,2.1005057382003
"1481",7.12483761745515,2.10796422435886
"1482",7.13311844577504,2.11542520599448
"1483",7.14135740423932,2.12288855202253
"1484",7.14955434809477,2.13035413131682
"1485",7.15770913332639,2.13782181271193
"1486",7.16582161665985,2.14529146500551
"1487",7.17389165556404,2.15276295696059
"1488",7.18191910825358,2.16023615730787
"1489",7.18990383369131,2.16771093474802
"1490",7.19784569159073,2.17518715795404
"1491",7.20574454241852,2.18266469557348
"1492",7.21360024739696,2.19014341623084
"1493",7.22141266850639,2.19762318852981
"1494",7.22918166848758,2.20510388105561
"1495",7.23690711084422,2.21258536237729
"1496",7.24458885984526,2.22006750105005
"1497",7.25222678052733,2.22755016561753
"1498",7.25982073869707,2.23503322461413
"1499",7.26737060093354,2.24251654656734
"1500",7.27487623459052,2.25
